/*
SQLyog 企业版 - MySQL GUI v8.14 
MySQL - 5.0.22-community-log : Database - orderdb
*********************************************************************
*/
/*!40101 SET NAMES utf8 */;

/*!40101 SET SQL_MODE=''*/;

/*!40014 SET @OLD_UNIQUE_CHECKS=@@UNIQUE_CHECKS, UNIQUE_CHECKS=0 */;
/*!40014 SET @OLD_FOREIGN_KEY_CHECKS=@@FOREIGN_KEY_CHECKS, FOREIGN_KEY_CHECKS=0 */;
/*!40101 SET @OLD_SQL_MODE=@@SQL_MODE, SQL_MODE='NO_AUTO_VALUE_ON_ZERO' */;
/*!40111 SET @OLD_SQL_NOTES=@@SQL_NOTES, SQL_NOTES=0 */;
CREATE DATABASE /*!32312 IF NOT EXISTS*/`orderdb` /*!40100 DEFAULT CHARACTER SET utf8 */;

USE `orderdb`;

/*Table structure for table `customer` */

DROP TABLE IF EXISTS `customer`;

CREATE TABLE `customer` (
  `customerNo` char(9) default NULL,
  `customerName` varchar(40) default NULL,
  `address` varchar(40) default NULL,
  `telephone` varchar(20) default NULL,
  `zip` char(6) default NULL
) ENGINE=InnoDB DEFAULT CHARSET=utf8;

/*Data for the table `customer` */

insert  into `customer`(`customerNo`,`customerName`,`address`,`telephone`,`zip`) values ('C20050001','统一股份有限公司','天津市','022-3566021','220012'),('C20050002','兴隆股份有限公司','天津市','022-3562352','220301'),('C20050003','上海生物研究室','北京市','010-2121000','108001'),('C20050004','五一商厦','上海市','021-4532187','210100'),('C20060001','大地商城','北京市','010-1165152','100803'),('C20060002','联合股份有限公司','上海市','021-4568451','210100'),('C20070001','南昌市电脑研制中心','南昌市','0791-4412152','330046'),('C20070002','世界技术开发公司','上海市','021-4564512','210230'),('C20070003','万事达股份有限公司','天津市','022-4533141','220400'),('C20080001','红都股份有限公司','北京市','010-5421585','100800');

/*Table structure for table `employee` */

DROP TABLE IF EXISTS `employee`;

CREATE TABLE `employee` (
  `employeeNo` char(8) NOT NULL,
  `employeeName` varchar(10) default NULL,
  `sex` char(1) default NULL,
  `birthday` datetime default NULL,
  `address` varchar(50) default NULL,
  `telephone` varchar(20) default NULL,
  `hireDate` datetime default NULL,
  `department` varchar(30) default NULL,
  `headShip` varchar(10) default NULL,
  `salary` decimal(8,2) default NULL,
  PRIMARY KEY  (`employeeNo`)
) ENGINE=InnoDB DEFAULT CHARSET=utf8;

/*Data for the table `employee` */

insert  into `employee`(`employeeNo`,`employeeName`,`sex`,`birthday`,`address`,`telephone`,`hireDate`,`department`,`headShip`,`salary`) values ('E2005001','喻自强','M','1965-04-15 00:00:00','南京市青海路18号','13817605008','2005-02-06 00:00:00','财务科','职员','5000.00'),('E2005002','张小梅','F','1973-11-01 00:00:00','上海市九江路88号','15607105241','2008-02-12 00:00:00','业务科','职员','3100.00'),('E2005003','张小娟','F','1973-03-06 00:00:00','上海市福州路135号','15607105243','2008-02-12 00:00:00','业务科','职员','2700.00'),('E2005004','张露','F','1967-01-05 00:00:00','南昌高新开发区56号','15607105244','2008-02-12 00:00:00','业务科','出纳','3200.00'),('E2005005','张小东','M','1973-09-03 00:00:00','南昌高新开发区1号','15607105243','2008-01-06 00:00:00','财务科','文员','2000.00'),('E2006001','陈辉','M','1965-11-01 00:00:00','武汉市江汉路8号','15607105246','2007-11-28 00:00:00','办公室','职员','2500.00'),('E2006002','韩梅','F','1973-12-11 00:00:00','武汉市东风大道1号','15607105245','2007-06-28 00:00:00','业务科','职员','2500.00'),('E2006003','刘风','F','1973-05-21 00:00:00','上海市青岛路1号','15907805569','2006-11-29 00:00:00','业务科','职员','2600.00'),('E2007001','吴晓萍','M','1973-01-02 00:00:00','上海市浦东大道6号','13807805461','2006-11-20 00:00:00','业务科','主任','4000.00'),('E2007002','高代鹏','M','1973-01-02 00:00:00','南昌市青山路100号','13607705352','2006-03-28 00:00:00','办公室','职员','1800.00'),('E2008001','陈世杰','M','1968-01-06 00:00:00','南昌市阳明路99号','15607105242','2005-03-28 00:00:00','业务科','科长','4100.00'),('E2008002','张良','M','1972-02-16 00:00:00','南昌市八一大道1号','15907205134','2005-03-28 00:00:00','业务科','职员','2600.00'),('E2008003','黄梅莹','F','1972-05-15 00:00:00','上海市南京路66号','13707305025','2005-03-28 00:00:00','业务科','职员','2400.00'),('E2008004','李虹冰','F','1972-10-13 00:00:00','上海市北京路8号','13607405016','2005-03-28 00:00:00','业务科','科长','5800.00'),('E2008005','张小梅','F','1970-11-06 00:00:00','深圳市阳关大道10号','15607105247','2008-02-12 00:00:00','财务科','会计','3400.00');

/*Table structure for table `orderdetail` */

DROP TABLE IF EXISTS `orderdetail`;

CREATE TABLE `orderdetail` (
  `orderNo` char(12) default NULL,
  `productNo` char(9) default NULL,
  `quantity` int(11) default NULL,
  `price` decimal(7,2) default NULL
) ENGINE=InnoDB DEFAULT CHARSET=utf8;

/*Data for the table `orderdetail` */

insert  into `orderdetail`(`orderNo`,`productNo`,`quantity`,`price`) values ('200801090001','P20050001',5,'80.70'),('200801090001','P20050002',3,'700.00'),('200801090001','P20050003',2,'300.00'),('200801090002','P20060002',5,'66.00'),('200801090002','P20080003',2,'900.00'),('200801090003','P20060001',3,'200.60'),('200801090003','P20050001',5,'80.70'),('200802190001','P20060003',4,'1200.00'),('200802190001','P20070001',2,'256.00'),('200802190001','P20070002',5,'200.00'),('200802190002','P20050003',2,'300.00'),('200802190002','P20050005',3,'100.60'),('200803010001','P20050001',8,'80.70'),('200803010001','P20070001',4,'256.00'),('200803020001','P20050001',2,'80.70'),('200803020001','P20050002',1,'700.00'),('200803020001','P20070003',3,'100.00'),('200803090001','P20050003',4,'300.00'),('200803090001','P20050004',5,'35.00'),('200803090001','P20070001',2,'256.00'),('200803090001','P20070002',5,'200.00'),('200803090001','P20070004',3,'320.00'),('200805090001','P20060003',8,'1200.00'),('200805090001','P20070001',1,'256.00'),('200805090001','P20070002',2,'200.00'),('200805090001','P20070003',5,'100.00'),('200806120001','P20050003',3,'300.00'),('200806120001','P20050002',1,'700.00'),('200806120001','P20050004',2,'35.00'),('200806120001','P20050005',3,'100.60'),('200901010001','P20050002',2,'700.00'),('200901010001','P20050004',11,'35.00'),('200901010001','P20050005',9,'100.60'),('200901010001','P20080002',2,'1100.00'),('200801090002','P20080001',2,'890.00'),('201206070001','P20050003',10,'300.00'),('201206070001','P20060003',4,'1200.00'),('201206070002','P20060002',6,'66.00'),('201206070002','P20070001',2,'256.00'),('201206070002','P20070002',2,'200.00'),('201206070002','P20080001',3,'890.00');

/*Table structure for table `ordermaster` */

DROP TABLE IF EXISTS `ordermaster`;

CREATE TABLE `ordermaster` (
  `orderNo` char(12) NOT NULL,
  `customerNo` char(9) NOT NULL,
  `salerNo` char(8) NOT NULL,
  `orderDate` datetime default NULL,
  `orderSum` decimal(9,2) default NULL,
  `invoiceNo` char(10) default NULL,
  PRIMARY KEY  (`orderNo`,`customerNo`,`salerNo`)
) ENGINE=InnoDB DEFAULT CHARSET=utf8;

/*Data for the table `ordermaster` */

insert  into `ordermaster`(`orderNo`,`customerNo`,`salerNo`,`orderDate`,`orderSum`,`invoiceNo`) values ('200801090001','C20050001','E2005002','2008-01-09 00:00:00','300.00','I000000001'),('200801090002','C20050004','E2005003','2008-01-09 00:00:00','400.00','I000000002'),('200801090003','C20080001','E2005002','2008-01-09 00:00:00','200.00','I000000003'),('200802190001','C20050001','E2005003','2008-02-19 00:00:00','300.00','I000000004'),('200802190002','C20070002','E2008002','2008-02-19 00:00:00','400.00','I000000005'),('200803010001','C20070002','E2007001','2008-03-01 00:00:00','200.00','I000000006'),('200803020001','C20050004','E2008003','2008-03-02 00:00:00','300.00','I000000007'),('200803090001','C20070003','E2008004','2008-03-09 00:00:00','200.00','I000000008'),('200805090001','C20060002','E2008002','2008-05-09 00:00:00','400.00','I000000009'),('200806120001','C20050001','E2005002','2008-06-12 00:00:00','500.00','I000000010'),('200901010001','C20050001','E2005002','2009-01-01 00:00:00','200.00','I000000011'),('201206070001','C20050004','E2005003','2012-06-07 00:00:00','300.00','I000000012'),('201206070002','C20070002','E2008002','2012-06-07 00:00:00','400.00','I000000013');

/*Table structure for table `product` */

DROP TABLE IF EXISTS `product`;

CREATE TABLE `product` (
  `productNo` char(9) NOT NULL,
  `productName` varchar(40) default NULL,
  `productClass` varchar(20) default NULL,
  `productPrice` decimal(7,2) default NULL,
  PRIMARY KEY  (`productNo`)
) ENGINE=InnoDB DEFAULT CHARSET=utf8;

/*Data for the table `product` */

insert  into `product`(`productNo`,`productName`,`productClass`,`productPrice`) values ('P20050001','32M DRAM','内存','80.70'),('P20050002','17寸显示器','显示器','700.00'),('P20050003','120GB硬盘','存储器','300.00'),('P20050004','3.5寸软驱','设备','35.00'),('P20050005','键盘','设备','100.60'),('P20060001','VGA显示卡','显示器','200.60'),('P20060002','网卡','设备','66.00'),('P20060003','Pentium100CPU','处理器','1200.00'),('P20070001','1G DDR','内存','256.00'),('P20070002','52倍速光驱','设备','200.00'),('P20070003','计算机字典','图书','100.00'),('P20070004','9600bits/s调制解调','设备','320.00'),('P20080001','Pentium主板','主板','890.00'),('P20080002','硕泰克主板','主板','1100.00'),('P20080003','LG显示器','显示器','900.00');

/*!40101 SET SQL_MODE=@OLD_SQL_MODE */;
/*!40014 SET FOREIGN_KEY_CHECKS=@OLD_FOREIGN_KEY_CHECKS */;
/*!40014 SET UNIQUE_CHECKS=@OLD_UNIQUE_CHECKS */;
/*!40111 SET SQL_NOTES=@OLD_SQL_NOTES */;
